{
    "oracle_buy_all": [
        387037.08,
        378514.78,
        373634.66,
        388660.96,
        373586.96,
        812735.75,
        795043.23,
        694200.89,
        728500.79,
        914081.17,
        649978.36,
        971441.18
    ],
    "full_approx": [
        1.38883042e6,
        2.02028118e6,
        4.04063005e6,
        7.84066845e6,
        1.970847973e7,
        4.041083647e7,
        1.0251435920408164e8,
        2.17062063125e8,
        4.6761864772727275e8,
        1.0084688888e9,
        2.2539222806666665e9,
        4.8896869935e9
    ],
    "oracle_buy_nec": [
        7335.204285714286,
        7615.93285714286,
        7919.49,
        10950.121666666666,
        9953.655,
        12928.0275,
        16222.3,
        32450.52,
        51699.33,
        92219.73,
        201452.69,
        417567.16
    ],
    "bpso_approx": [
        6.0370863024096385e7,
        7.37571718235294e7,
        9.556454320754717e7,
        1.0843668355319148e8,
        1.21342421e8,
        1.3349592278947368e8,
        1.5547644442424244e8,
        1.714851682e8,
        1.898604472222222e8,
        1.994408926153846e8,
        2.1766416726086956e8,
        2.394146573809524e8
    ]
}