{
    "oracle_buy_all": [
        435573.68,
        445817.97,
        456670.4,
        457239.29,
        457230.99,
        623140.62,
        701584.28,
        635663.44,
        704451.1,
        653505.34,
        648867.15,
        701157.39,
        660266.45,
        743449.12,
        694076.59,
        704256.98,
        690677.26,
        742393.63,
        725406.41,
        700503.77,
        769700.73,
        726265.61,
        728208.5,
        725146.71,
        748638.22,
        734694.5,
        744554.32,
        782391.72,
        749206.22,
        760753.44,
        798157.96,
        806879.37,
        857892.0,
        809685.57,
        789148.55,
        798632.85,
        854258.31,
        909065.36,
        820150.37,
        823097.78
    ],
    "full_approx": [
        930667.59,
        1.86731721e6,
        2.93960962e6,
        4.71201191e6,
        1.533567415e7,
        3.362166939e7,
        7.520280682089552e7,
        1.5691240753125e8,
        3.5847185993333334e8,
        7.605691977142857e8,
        1.58559178375e9,
        3.435940576e9
    ],
    "oracle_buy_nec": [
        8850.35,
        4952.205714285714,
        6838.656666666666,
        6154.1883333333335,
        8362.505,
        11132.8325,
        18065.91,
        30698.41,
        38156.53,
        73388.86,
        142259.32,
        434536.26,
        843938.71,
        1.56120819e6,
        3.25951441e6
    ],
    "evo": [
        721500.425636574,
        2.1830903076923075e6,
        4.465521754464285e6,
        8.366078799331103e6,
        1.5643065896875e7,
        2.74059648852459e7,
        4.788296485714286e7,
        7.738022064615385e7,
        1.1288282717777778e8,
        1.57431043625e8,
        2.14858618625e8,
        2.92796818e8,
        3.8534701571428573e8,
        4.88110984e8,
        6.008890678888888e8,
        7.444810574285715e8,
        9.13693479e8,
        1.081793466e9,
        1.2376973382e9,
        1.46071127275e9,
        1.669646923e9,
        1.8447803566666667e9,
        2.1336176743333333e9,
        2.3582100753333335e9,
        2.7104328995e9,
        3.0262062435e9,
        3.412809196e9,
        3.8216415845e9,
        4.454421145e9,
        4.837257007e9,
        5.214868222e9,
        6.05209191e9,
        6.33488518e9,
        6.704120131e9,
        7.32405652e9,
        8.020533952e9,
        8.853817155e9,
        9.448794173e9,
        1.0268541005e10,
        1.094494547e10
    ],
    "size_sampling": [
        604942.8916130598,
        2.4861788890547263e6,
        6.088439764920828e6,
        1.1393681448747152e7,
        2.1256512944915254e7,
        3.296039097368421e7,
        5.034319855e7,
        7.44570265735294e7,
        1.0358575057142857e8,
        1.3900799380555555e8,
        1.794337252142857e8,
        2.3233235313636363e8,
        2.9817933464705884e8,
        3.846908319230769e8,
        4.520728278333333e8,
        5.405841275e8,
        6.592707025e8,
        7.74835533e8,
        8.848186936666666e8,
        1.0179728016e9,
        1.192488289e9,
        1.32648465775e9,
        1.48440307725e9,
        1.6899658703333333e9,
        1.907594049e9,
        2.140597727e9,
        2.424428123e9,
        2.761073112e9,
        3.077783737e9,
        3.488980854e9,
        3.830498615e9,
        4.213197518e9,
        4.4584615035e9,
        4.888409496e9,
        5.248884481e9,
        5.701330473e9,
        6.185443139e9,
        6.625310739e9,
        7.359771963e9,
        7.870085201e9
    ],
    "bpso": [
        1.8916507e6,
        5.97543512e6,
        1.140367385e7,
        1.973904423e7,
        2.997852325e7,
        4.55733424e7,
        7.091296535211268e7,
        9.53701287735849e7,
        1.26754199425e8,
        1.6057968134375e8,
        2.1446652670833334e8,
        2.5876687325e8,
        3.339221606666667e8,
        3.851144049230769e8,
        4.77527202e8,
        5.532529231e8,
        6.70742674875e8,
        7.958324048571428e8,
        8.988719288333334e8,
        1.0262444128e9,
        1.1368734116e9,
        1.30348527175e9,
        1.43941142575e9,
        1.61306624825e9,
        1.853829655e9,
        2.0548388103333333e9,
        2.2622231636666665e9,
        2.630803191e9,
        2.930257201e9,
        3.2089433595e9,
        3.4463780335e9,
        3.815899851e9,
        4.122632703e9,
        4.5578256795e9,
        4.68842089e9,
        5.069519623e9,
        5.606747995e9,
        6.019464422e9,
        6.538802667e9,
        7.158742397e9
    ]
}