{"oracle_buy_all":[438388.19,447496.75,447662.15,450273.3,453171.06,623273.14,654813.24,646726.13,647136.59,696227.37,662277.73,665237.99,681553.45,664863.07,685099.42,689106.06,686570.59,707618.92,754279.58,882072.0,717873.31,721772.24,730175.77,742035.18,757683.43,765124.94,771692.77,841307.54,785063.21,787666.11,780310.42,822167.78,845629.09,828194.59,863944.33,807728.08,960788.97,824684.8,844588.15,987878.28],"full_approx":[961912.73,1.88056176e6,2.70765714e6,5.10920431e6,1.546260952e7,3.300305554e7,7.375642429411764e7,1.6134318793548387e8,3.481703218666667e8,7.508866364285715e8,1.62523211775e9,3.4132610605e9],"oracle_buy_nec":[8034.125,6364.75,5461.094285714285,7796.161666666668,7513.656,8616.295,13788.5,21977.59,38317.89,70540.71,195828.53,413638.73,852610.29,1.7374516e6,3.35917376e6,7.25067092e6,1.666489722e7,4.468491562e7,1.0925910056521739e8,2.1653515804166666e8],"evo":[718945.2860438293,2.174624922072268e6,4.386756390350877e6,8.3216772163061565e6,1.5437765935185185e7,2.7616078303867403e7,4.628292109174312e7,7.685757701515152e7,1.1110429624444444e8,1.6378966387096775e8,2.1784870495652175e8,3.0180049288235295e8,3.903952530769231e8,4.8212983490909094e8,6.254797651111112e8,7.331186381428572e8,8.905268433333334e8,1.1005850678e9,1.250788228e9,1.945558622e9,2.1698913363333335e9,2.5397575915e9,2.8559313835e9,3.311595365e9,3.727086876e9,4.252899961e9,4.6581035525e9,5.248645291e9,5.794488637e9,6.476903551e9,6.953266745e9,7.670085e9,8.500058192e9,9.326083672e9,1.0048407361e10,1.1080233998e10,1.1995825751e10,1.2986559244e10,1.4050633558e10,1.4951737901e10],"size_sampling":[608394.3882783883,2.4527261958762887e6,5.806076622531939e6,1.1223218571748879e7,2.0242534672064777e7,3.2533095448051948e7,4.979043445544554e7,7.586238592424242e7,1.0268523118367347e8,1.3439371118421054e8,1.8087315635714287e8,2.3977126766666666e8,2.97212465e8,3.57839399e8,4.5803684354545456e8,5.310898448e8,6.38963049875e8,7.767364478571428e8,8.932128488333334e8,1.3678215245e9,1.57409141575e9,1.7958186336666667e9,2.0037881736666667e9,2.3275280256666665e9,2.6659841575e9,3.031335929e9,3.3259623305e9,3.7155422965e9,4.0999465385e9,4.587056075e9,4.851430648e9,5.398471143e9,6.11516301e9,6.774955202e9,7.086366542e9,7.792580682e9,8.474760513e9,9.270612156e9,1.0003155505e10,1.0680042682e10],"bpso":[1.94452339e6,6.00749107e6,1.146740463e7,1.957750918e7,3.001473556e7,4.452555073e7,6.895958378082192e7,9.43710248490566e7,1.2275866409756097e8,1.631854669032258e8,2.053724756e8,2.6469397078947368e8,3.21095016875e8,3.89363247e8,4.711378271818182e8,5.593174112222222e8,6.614708135e8,7.90838626e8,9.081060911666666e8,1.3637213425e9,1.5437931655e9,1.7651995156666667e9,1.9418787466666667e9,2.2879200803333335e9,2.537392715e9,2.841827482e9,3.075000569e9,3.4132142555e9,3.926652932e9,4.3381807485e9,4.5223972605e9,4.972843796e9,5.457465164e9,6.136593446e9,6.46659269e9,7.172056807e9,7.619129601e9,8.341164636e9,8.987347875e9,9.27983303e9]}